id	case	size	priority	track	readiness	epic	sprint
MET-A-001	A	M	Must	cross-team	Ready	A-EP1	Sprint 1
MET-A-002	A	L	Must	backend	Ready	A-EP1	Sprint 2
MET-A-003	A	M	Must	cross-team	Ready	A-EP1	Sprint 1
MET-A-004	A	L	Must	backend	Ready	A-EP3	Sprint 2
MET-A-005	A	L	Must	mobile	Ready	A-EP9	Sprint 3
MET-A-006	A	L	Should	mobile	Ready	A-EP9	Sprint 4
MET-A-007	A	M	Must	frontend	Ready	A-EP2	Sprint 2
MET-A-008	A	M	Must	frontend	Ready	A-EP2	Sprint 2
MET-A-009	A	S	Should	frontend	Ready	A-EP2	Sprint 3
MET-A-010	A	L	Must	mobile	Needs refinement	A-EP3	Sprint 3
MET-A-011	A	L	Must	frontend	Ready	A-EP3	Sprint 3
MET-A-012	A	S	Should	backend	Ready	A-EP3	Sprint 3
MET-A-013	A	M	Must	mobile	Ready	A-EP4	Sprint 3
MET-A-014	A	S	Should	mobile	Ready	A-EP4	Sprint 3
MET-A-015	A	S	Should	mobile	Ready	A-EP4	Sprint 4
MET-A-016	A	M	Should	backend	Ready	A-EP5	Sprint 4
MET-A-017	A	S	Should	mobile	Ready	A-EP5	Sprint 4
MET-A-018	A	M	Should	mobile	Ready	A-EP5	Sprint 4
MET-A-019	A	L	Must	backend	Needs refinement	A-EP6	Sprint 4
MET-A-020	A	M	Must	backend	Blocked	A-EP6	Sprint 5
MET-A-021	A	M	Won't	frontend	Dropped	A-EP6	-
MET-A-022	A	S	Could	frontend	Needs refinement	A-EP6	Unscheduled
MET-A-023	A	L	Must	backend	Ready	A-EP7	Sprint 2
MET-A-024	A	M	Should	frontend	Ready	A-EP7	Sprint 5
MET-A-025	A	M	Must	backend	Ready	A-EP8	Sprint 2
MET-A-026	A	S	Should	backend	Ready	A-EP8	Sprint 3
MET-A-027	A	M	Should	cross-team	Ready	A-EP3	Sprint 5
MET-A-028	A	L	Must	cross-team	Ready	A-EP10	Sprint 7
MET-B-001	B	S	Must	cross-team	Ready	B-EP1	Sprint 1
MET-B-002	B	M	Must	backend	Ready	B-EP1	Sprint 1
MET-B-003	B	M	Must	backend	Ready	B-EP1	Sprint 2
MET-B-004	B	M	Must	backend	Ready	B-EP2	Sprint 2
MET-B-005	B	S	Should	mobile	Ready	B-EP2	Sprint 3
MET-B-006	B	S	Should	backend	Ready	B-EP2	Sprint 2
MET-B-007	B	L	Must	backend	Ready	B-EP3	Sprint 3
MET-B-008	B	M	Must	frontend	Ready	B-EP3	Sprint 3
MET-B-009	B	M	Should	mobile	Ready	B-EP3	Sprint 4
MET-B-010	B	M	Must	backend	Ready	B-EP4	Sprint 4
MET-B-011	B	M	Must	backend	Ready	B-EP4	Sprint 4
MET-B-012	B	L	Must	frontend	Ready	B-EP5	Sprint 4
MET-B-013	B	L	Must	backend	Needs refinement	B-EP5	Sprint 5
MET-B-014	B	M	Should	backend	Ready	B-EP6	Sprint 5
MET-B-015	B	L	Could	backend	Ready	B-EP6	Unscheduled
MET-B-016	B	M	Could	backend	Needs refinement	B-EP6	Unscheduled
MET-B-017	B	M	Should	backend	Ready	B-EP6	Sprint 5
MET-B-018	B	M	Must	mobile	Ready	B-EP7	Sprint 3
MET-B-019	B	L	Should	backend	Blocked	B-EP7	Sprint 4
MET-B-020	B	L	Must	backend	Ready	B-EP8	Sprint 2
MET-B-021	B	L	Should	backend	Ready	B-EP8	Sprint 5
MET-B-022	B	M	Must	cross-team	Blocked	B-EP7	Sprint 6
MET-B-023	B	M	Must	backend	Blocked	B-EP9	Sprint 3
MET-B-024	B	L	Must	cross-team	Ready	B-EP10	Sprint 7
MET-C-001	C	M	Must	cross-team	Ready	C-EP1	Sprint 1
MET-C-002	C	XL	Must	backend	Ready	C-EP1	Sprint 2
MET-C-003	C	M	Must	backend	Ready	C-EP1	Sprint 2
MET-C-004	C	M	Must	frontend	Ready	C-EP2	Sprint 3
MET-C-005	C	S	Should	frontend	Ready	C-EP2	Sprint 3
MET-C-006	C	S	Must	frontend	Ready	C-EP2	Sprint 3
MET-C-007	C	M	Should	backend	Blocked	C-EP3	Sprint 4
MET-C-008	C	M	Must	frontend	Ready	C-EP3	Sprint 4
MET-C-009	C	M	Must	frontend	Ready	C-EP3	Sprint 4
MET-C-010	C	L	Must	cross-team	Blocked	C-EP3	Sprint 5
MET-C-011	C	L	Must	frontend	Ready	C-EP4	Sprint 5
MET-C-012	C	S	Should	frontend	Ready	C-EP4	Sprint 5
MET-C-013	C	M	Should	frontend	Needs refinement	C-EP5	Sprint 5
MET-C-014	C	M	Should	frontend	Ready	C-EP6	Sprint 6
MET-C-015	C	M	Should	backend	Blocked	C-EP6	Sprint 6
MET-C-016	C	M	Must	frontend	Ready	C-EP7	Sprint 4
MET-C-017	C	S	Should	frontend	Ready	C-EP7	Sprint 5
MET-C-018	C	M	Should	backend	Blocked	C-EP8	Sprint 3
MET-C-019	C	M	Should	backend	Ready	C-EP8	Sprint 4
MET-C-020	C	S	Should	backend	Ready	C-EP8	Sprint 6
MET-C-021	C	L	Must	backend	Ready	C-EP11	Sprint 2
MET-C-022	C	M	Must	backend	Blocked	C-EP11	Sprint 3
MET-C-023	C	M	Should	backend	Blocked	C-EP9	Sprint 6
MET-C-024	C	M	Could	frontend	Needs refinement	C-EP10	Unscheduled
MET-C-025	C	L	Could	backend	Blocked	C-EP10	Unscheduled
MET-C-026	C	M	Should	cross-team	Ready	C-EP7	Sprint 6
MET-C-027	C	L	Must	cross-team	Ready	C-EP12	Sprint 7
MET-D-001	D	M	Must	backend	Blocked	D-EP1	Sprint 1
MET-D-002	D	M	Must	backend	Blocked	D-EP1	Sprint 2
MET-D-003	D	L	Must	backend	Blocked	D-EP1	Sprint 2
MET-D-004	D	L	Should	backend	Ready	D-EP1	Sprint 4
MET-D-005	D	M	Should	backend	Ready	D-EP1	Sprint 5
MET-D-006	D	M	Must	frontend	Ready	D-EP2	Sprint 3
MET-D-007	D	M	Must	frontend	Blocked	D-EP2	Sprint 3
MET-D-008	D	M	Must	cross-team	Ready	D-EP3	Sprint 2
MET-D-009	D	M	Must	backend	Ready	D-EP3	Sprint 3
MET-D-010	D	L	Must	backend	Blocked	D-EP3	Sprint 4
MET-D-011	D	M	Should	backend	Ready	D-EP3	Sprint 4
MET-D-012	D	S	Must	backend	Ready	D-EP3	Sprint 4
MET-D-013	D	M	Must	frontend	Ready	D-EP4	Sprint 3
MET-D-014	D	M	Should	frontend	Ready	D-EP4	Sprint 5
MET-D-015	D	L	Must	frontend	Blocked	D-EP5	Sprint 5
MET-D-016	D	M	Must	backend	Blocked	D-EP5	Sprint 5
MET-D-017	D	M	Should	backend	Blocked	D-EP6	Sprint 4
MET-D-018	D	M	Must	backend	Blocked	D-EP8	Sprint 4
MET-D-019	D	M	Should	cross-team	Ready	D-EP8	Sprint 6
MET-D-020	D	M	Should	backend	Ready	D-EP6	Sprint 3
MET-D-021	D	L	Could	backend	Blocked	D-EP7	Unscheduled
MET-D-022	D	L	Could	backend	Blocked	D-EP7	Unscheduled
MET-D-023	D	S	Should	frontend	Ready	D-EP3	Sprint 4
MET-D-024	D	L	Must	cross-team	Ready	D-EP9	Sprint 7
